<beans xmlns="http://www.springframework.org/schema/beans"
	xmlns:context="http://www.springframework.org/schema/context"
	xmlns:mvc="http://www.springframework.org/schema/mvc" xmlns:tx="http://www.springframework.org/schema/tx"
	xmlns:xsi="http://www.w3.org/2001/XMLSchema-instance"
	xsi:schemaLocation="
        http://www.springframework.org/schema/beans     
        http://www.springframework.org/schema/beans/spring-beans-4.0.xsd
        http://www.springframework.org/schema/context 
        http://www.springframework.org/schema/context/spring-context-4.0.xsd
        http://www.springframework.org/schema/mvc
        http://www.springframework.org/schema/mvc/spring-mvc-4.0.xsd
        http://www.springframework.org/schema/tx
        http://www.springframework.org/schema/tx/spring-tx-4.0.xsd">

	<context:component-scan base-package="com.equifax.datoz.controller,com.equifax.datoz.util,com.equifax.datoz.login ,com.equifax.datoz.handler" />
  <context:property-placeholder location="classpath:DatozProperties.properties"/>
    <context:property-placeholder location="classpath:HeaderMapping.properties" ignore-unresolvable="true"  />
  
	<mvc:annotation-driven />
	<bean id="jsonFieldHandler" class="com.equifax.datoz.handler.JsonFieldHandler"></bean>
	<bean id="rulesHandler" class="com.equifax.datoz.handler.RulesHandler"></bean>
	<bean id="solrService"
		class="com.equifax.datoz.solr.service.impl.SolrManagementService">
		<property name="dsSolrUrl" value="http://aicd1lc9a207.app.c9.equifax.com:8983/solr/dataSourceData"></property>
		<property name="custSolrUrl" value="http://aicd1lc9a207.app.c9.equifax.com:8983/solr/customerData"></property>
	</bean>
	<bean id="dataService" class="com.equifax.datoz.service.impl.DataManagementService">
		<property name="isSolrEnabled" value="false"></property>
	</bean>
	<bean id="datamanagementScheduledExecutorService" class="com.equifax.datoz.scheduler.DatamanagementScheduledExecutorService"></bean>
	<bean id="dataManagementDAO" class="com.equifax.datoz.dao.impl.DataManagementDAO">
		<property name="sessionFactory" ref="sessionFactory" />
	</bean>

		
	<bean id="loginDAO" class="com.equifax.datoz.login.dao.impl.LoginManagementDao">
		<property name="sessionFactory" ref="sessionFactory" />
	</bean>
	<bean id="sessionFactory"
		class="org.springframework.orm.hibernate4.LocalSessionFactoryBean">
		<property name="dataSource" ref="dataSource" />
		<property name="hibernateProperties">
			<props>
				<!-- <prop key="hibernate.dialect">org.hibernate.dialect.Oracle10gDialect</prop> -->
				<prop key="hibernate.dialect">org.hibernate.dialect.PostgreSQLDialect</prop>
				<prop key="hibernate.show_sql">false</prop>
					<prop key="hibernate.jdbc.batch_size">100 </prop>       
 				<prop key="hibernate.order_inserts">true </prop>        
				<prop key="hibernate.order_updates">true </prop>
				<prop key="hbm2ddl.auto">update</prop>
		        <prop key="show_sql">true</prop>
			</props>
		</property>
		<property name="annotatedClasses">
			<list>
				<value>com.equifax.datoz.entity.DataSourceVO</value>
				<value>com.equifax.datoz.entity.DataSourceDetailsVO</value>
				<value>com.equifax.datoz.entity.CustomerRequestDataVO</value>
				<value>com.equifax.datoz.entity.DataSourceRequestDataVO</value>
				<value>com.equifax.datoz.entity.CustomerScenarioVO</value>
				<value>com.equifax.datoz.entity.DataSourceScenarioVO</value>
				<value>com.equifax.datoz.entity.CustomersVO</value>
				<value>com.equifax.datoz.entity.CustomerDetailsVO</value>
				<value>com.equifax.datoz.entity.BasicInfoVO</value>
				<value>com.equifax.datoz.entity.DSScenarioReqMappingVO</value>
				<value>com.equifax.datoz.entity.MappingGroup</value>
				<value>com.equifax.datoz.entity.CustScenarioReqMappingVO</value>
     				<value>com.equifax.datoz.entity.UserDetailsVO</value>
				<value>com.equifax.datoz.entity.UserRolesVO</value>
				<value>com.equifax.datoz.entity.CommercialInfoVO</value>
			</list>
		</property>

	</bean>

	<bean id="dataSource"
		class="org.springframework.jdbc.datasource.DriverManagerDataSource">
		<!-- <property name="driverClassName" value="oracle.jdbc.driver.OracleDriver" /> -->
		<property name="driverClassName" value="org.postgresql.Driver" />
		<!-- <property name="url"
			value="jdbc:oracle:thin:@172.21.51.57:1521:ICDEV3" /> -->
		<!-- <property name="url"

                        value="jdbc:oracle:thin:@172.21.51.57:1521:ICQA2" />

			
		<property name="username" value="U_QATOZ" />
		<property name="password" value="U_QATOZ" /> -->
		
		
		<!-- <property name="url"

                        value="jdbc:oracle:thin:@172.21.51.57:1521:ICQA2" />

                <property name="username" value="U_QATOZ" />

                <property name="password" value="U_QATOZ" /> -->
                
                <property name="url" value="jdbc:postgresql://localhost:5432/postgres?currentSchema=datoz" />

                <property name="username" value="postgres" />

                <property name="password" value="admin" />

		
		<!--<property name="socketTimeout" value="10"/> -->


	</bean>
	
	
	 <bean
	class="org.springframework.web.servlet.view.InternalResourceViewResolver">
	<property name="prefix">
		<value>/WEB-INF/pages/</value>
	</property>
	<property name="suffix">
		<value>.jsp</value>
	</property>
    </bean>

    <mvc:resources mapping="/resources/**" location="/WEB-INF/resources/"
	cache-period="31556926"/>
	
	<context:annotation-config />
	<tx:annotation-driven transaction-manager="transactionManager" />
	<bean id="transactionManager"
		class="org.springframework.orm.hibernate4.HibernateTransactionManager">
		<property name="sessionFactory" ref="sessionFactory" />
	</bean>
	<bean id="multipartResolver"
        class="org.springframework.web.multipart.commons.CommonsMultipartResolver" >
       <!--  <property name="maxUploadSize" value="500000" /> -->
    </bean>
</beans>



