<beans:beans xmlns="http://www.springframework.org/schema/security"
	xmlns:beans="http://www.springframework.org/schema/beans" xmlns:xsi="http://www.w3.org/2001/XMLSchema-instance"
	xsi:schemaLocation="http://www.springframework.org/schema/beans
	http://www.springframework.org/schema/beans/spring-beans-4.0.xsd
	http://www.springframework.org/schema/security
	http://www.springframework.org/schema/security/spring-security-4.0.xsd">

    <!-- enable use-expressions -->
	<http auto-config="true" use-expressions="true">
		<intercept-url pattern="/"  access="hasAnyRole('ROLE_LEAD','ROLE_USER','ROLE_ADMIN')" />
		<intercept-url pattern="/home"  access="hasAnyRole('ROLE_LEAD','ROLE_USER','ROLE_ADMIN')" />
		<intercept-url pattern="/sendRequest"  access="hasAnyRole('ROLE_LEAD','ROLE_USER','ROLE_ADMIN')" />
		<intercept-url pattern="/redirectScenario"  access="hasAnyRole('ROLE_LEAD','ROLE_USER','ROLE_ADMIN')" />
		<intercept-url pattern="/getCustomerList"  access="hasAnyRole('ROLE_LEAD','ROLE_USER','ROLE_ADMIN')" />
		<intercept-url pattern="/getAllScenario"  access="hasAnyRole('ROLE_LEAD','ROLE_USER','ROLE_ADMIN')" />
		<intercept-url pattern="/navDataSource"  access="hasRole('ROLE_ADMIN')" />
		<intercept-url pattern="/navRequestData"  access="hasAnyRole('ROLE_LEAD','ROLE_USER','ROLE_ADMIN')" />
		<intercept-url pattern="/getEntries"  access="hasAnyRole('ROLE_LEAD','ROLE_USER','ROLE_ADMIN')" />
		<intercept-url pattern="/getPages"  access="hasAnyRole('ROLE_LEAD','ROLE_USER','ROLE_ADMIN')" />
		<intercept-url pattern="/navSearchScenario"  access="hasAnyRole('ROLE_LEAD','ROLE_USER','ROLE_ADMIN')" />
		<intercept-url pattern="/getSearchSchema"  access="hasAnyRole('ROLE_LEAD','ROLE_USER','ROLE_ADMIN')" />
		<intercept-url pattern="/getSearchCustomerSchema"  access="hasAnyRole('ROLE_LEAD','ROLE_USER','ROLE_ADMIN')" />
		<intercept-url pattern="/searchRule"  access="hasAnyRole('ROLE_LEAD','ROLE_USER','ROLE_ADMIN')" />
		<intercept-url pattern="/navAddScenario"  access="hasAnyRole('ROLE_LEAD','ROLE_ADMIN')" />
		<intercept-url pattern="/getAddFormField"  access="hasAnyRole('ROLE_LEAD','ROLE_USER','ROLE_ADMIN')" />
		<intercept-url pattern="/downloadExcel"  access="hasAnyRole('ROLE_LEAD','ROLE_USER','ROLE_ADMIN')" />
		<intercept-url pattern="/addScenario"  access="hasAnyRole('ROLE_LEAD','ROLE_USER','ROLE_ADMIN')" />
		<intercept-url pattern="/Add"  access="hasRole('ROLE_ADMIN')" />
		<intercept-url pattern="/Edit"  access="hasRole('ROLE_ADMIN')" />
		<intercept-url pattern="/addEditDatasource"  access="hasRole('ROLE_ADMIN')" />
		<intercept-url pattern="/Addcus"  access="hasRole('ROLE_ADMIN')" />
		<intercept-url pattern="/selectSource"  access="hasAnyRole('ROLE_LEAD','ROLE_USER','ROLE_ADMIN')" />
		<intercept-url pattern="/Editcus"  access="hasRole('ROLE_ADMIN')" />
		<intercept-url pattern="/addEditCustomer"  access="hasRole('ROLE_ADMIN')" />
		<intercept-url pattern="/navScenario"  access="hasAnyRole('ROLE_LEAD','ROLE_USER','ROLE_ADMIN')" />
		<intercept-url pattern="/navCustomer"  access="hasAnyRole('ROLE_LEAD','ROLE_USER','ROLE_ADMIN')" />
		<intercept-url pattern="/searchInscenarioList"  access="hasAnyRole('ROLE_LEAD','ROLE_USER','ROLE_ADMIN')" />
		<intercept-url pattern="/getResult"  access="hasAnyRole('ROLE_LEAD','ROLE_USER','ROLE_ADMIN')" />
		<intercept-url pattern="/editScenario"  access="hasAnyRole('ROLE_LEAD','ROLE_USER','ROLE_ADMIN')" />
		<intercept-url pattern="/saveScenario"  access="hasAnyRole('ROLE_LEAD','ROLE_USER','ROLE_ADMIN')" />
		<intercept-url pattern="/getScenarioFormFields"  access="hasAnyRole('ROLE_LEAD','ROLE_USER','ROLE_ADMIN')" />
		<intercept-url pattern="/saveDatasourceAddDetails"  access="hasAnyRole('ROLE_LEAD','ROLE_USER','ROLE_ADMIN')" />
		<intercept-url pattern="/saveCustomerAddDetails"  access="hasAnyRole('ROLE_LEAD','ROLE_USER','ROLE_ADMIN')" />
		<intercept-url pattern="/saveScenario"  access="hasAnyRole('ROLE_LEAD','ROLE_USER','ROLE_ADMIN')" />	
		<intercept-url pattern="/newUser"  access="hasRole('ROLE_ADMIN')" />	
		<intercept-url pattern="/Register"  access="hasRole('ROLE_ADMIN')" />	
	    <intercept-url pattern="/testDataPage"  access="hasAnyRole('ROLE_LEAD','ROLE_USER','ROLE_ADMIN')" />	
			
	
		
		
		<!-- access denied page -->
		<access-denied-handler error-page="/403" />
		<form-login 
		 login-processing-url="/j_spring_security_check" 
		    login-page="/login" 
		    default-target-url="/home" 
			authentication-failure-url="/login?error" 
			username-parameter="username"
			password-parameter="password" />
		 
		<logout logout-url="/j_spring_security_logout" invalidate-session="true" logout-success-url="/login?logout"  />
		<!-- enable csrf protection -->
		<csrf disabled="true"/>
	</http>
 
	<!-- Select users and user_roles from database -->
	<authentication-manager>
		<authentication-provider>
			<jdbc-user-service data-source-ref="dataSource"
				users-by-username-query="select user_name,password, status from USER_details where user_name=? "
				  authorities-by-username-query="select user_name,  role from user_roles where user_name=? "  />
		</authentication-provider>
	</authentication-manager>

</beans:beans>